,Unnamed: 0,Name,Event Date,Event Type,COSPAR ID,Catalogued Objects,Objects on Orbit,Objects > 1 cm,Objects > 10 cm,Last Update,Unnamed: 10
0,,Zenit-2 second stage,28 Dec 1985,Propulsion,1985-121F,,,,,04 Dec 2017,
1,,Tsyklon-3-3 (Tsyklon SL-14 (F-2)),15 Feb 1998,Propulsion,1987-068B,107.0,41.0,13358.0,346.0,24 Oct 2018,
2,,Cosmos-886,27 Dec 1976,Deliberate,1976-126A,77.0,57.0,9674.0,190.0,24 Oct 2018,
3,,Cosmos-903,08 Jun 1978,Accidental,1977-027A,5.0,3.0,3078.0,176.0,24 Oct 2018,
4,,Cosmos-917,30 Mar 1979,Accidental,1977-047A,13.0,11.0,2935.0,76.0,24 Oct 2018,
5,,DELTA P (Delta 2914),14 Jul 1977,Propulsion,1977-065B,177.0,58.0,16640.0,431.0,24 Oct 2018,
6,,Cosmos-931,24 Oct 1977,Accidental,1977-068A,5.0,4.0,3049.0,206.0,24 Oct 2018,
7,,Ekran 2,23 Jun 1978,Electrical,1977-092A,4.0,4.0,3089.0,165.0,24 Oct 2018,
8,,Cosmos-970,21 Dec 1977,Deliberate,1977-121A,69.0,63.0,11464.0,225.0,24 Oct 2018,
9,,DELTA P (Delta 2910),27 Jan 1981,Propulsion,1978-026C,247.0,152.0,29988.0,773.0,24 Oct 2018,
10,,Cosmos-1030,10 Oct 1978,Accidental,1978-083A,12.0,9.0,1129.0,30.0,24 Oct 2018,
11,,DELTA P (Delta 2910),26 Dec 1981,Propulsion,1978-098B,1.0,,247.0,7.0,24 Oct 2018,
12,,H10 (Ariane 3),19 Sep 1987,Propulsion,1987-078C,3.0,1.0,282.0,8.0,24 Oct 2018,
13,,Tsyklon-3-3 (Tsyklon SL-14 (F-2)),09 May 1988,Propulsion,1978-100D,40.0,31.0,9474.0,246.0,24 Oct 2018,
14,,Solwind,13 Sep 1985,Deliberate,1979-017A,284.0,,34172.0,667.0,24 Oct 2018,
15,,Cosmos-1094,17 Sep 1979,Unknown,1979-033A,,,,,04 Dec 2017,
16,,Cosmos-1109,15 Feb 1980,Accidental,1979-058A,18.0,7.0,2270.0,60.0,24 Oct 2018,
17,,Cosmos-1124,09 Sep 1979,Accidental,1979-077A,4.0,3.0,376.0,10.0,24 Oct 2018,
18,,H8 (Ariane 1),31 Mar 1980,Propulsion,1979-104B,32.0,25.0,3011.0,78.0,24 Oct 2018,
19,,Cosmos-1167,15 Jul 1981,Unknown,1980-021A,11.0,,1035.0,27.0,24 Oct 2018,
20,,Cosmos-1172,23 Dec 1997,Aerodynamics,1980-028A,,,,,04 Dec 2017,
21,,Cosmos-1174,18 Apr 1980,Deliberate,1980-030A,45.0,3.0,3089.0,161.0,24 Oct 2018,
22,,Cosmos-1191,14 May 1981,Accidental,1980-057A,10.0,10.0,15889.0,411.0,24 Oct 2018,
23,,Proton-K/DM-2 ullage motor (SOZ),01 Dec 1996,Propulsion,1987-079G,54.0,19.0,3121.0,132.0,24 Oct 2018,
24,,Cosmos-1217,12 Feb 1983,Accidental,1980-085A,9.0,7.0,14301.0,370.0,24 Oct 2018,
25,,Cosmos-1220,20 Jun 1982,Unknown,1980-089A,82.0,1.0,3054.0,200.0,24 Oct 2018,
26,,Cosmos-1220,25 Aug 1982,Unknown,1980-089A,82.0,1.0,3054.0,200.0,24 Oct 2018,
27,,Cosmos-1247,20 Oct 1981,Accidental,1981-016A,6.0,5.0,9537.0,247.0,24 Oct 2018,
28,,Cosmos-1260,08 May 1982,Unknown,1981-028A,67.0,,3090.0,164.0,24 Oct 2018,
29,,Cosmos-1260,10 Aug 1982,Unknown,1981-028A,67.0,,3090.0,164.0,24 Oct 2018,
30,,Cosmos-1261,31 Mar 1981,Accidental,1981-031A,9.0,9.0,12737.0,330.0,24 Oct 2018,
31,,Cosmos-1275,24 Jul 1981,Electrical,1981-053A,478.0,420.0,60390.0,1556.0,24 Oct 2018,
32,,Cosmos-1278,30 Nov 1986,Accidental,1981-058A,2.0,,3170.0,82.0,24 Oct 2018,
33,,Cosmos-1285,21 Nov 1981,Accidental,1981-071A,24.0,24.0,33217.0,857.0,24 Oct 2018,
34,,Cosmos-1906,31 Jan 1988,Deliberate,1987-108A,36.0,,3163.0,89.0,24 Oct 2018,
35,,Cosmos-1286,29 Sep 1982,Unknown,1981-072A,1.0,,188.0,5.0,24 Oct 2018,
36,,Blok-ML (Molniya-M Blok-ML),11 Sep 1981,Propulsion,1981-088F,2.0,2.0,265.0,7.0,24 Oct 2018,
37,,Cosmos-1306,12 Jul 1982,Unknown,1981-089A,7.0,,659.0,17.0,24 Oct 2018,
38,,Cosmos-1306,18 Sep 1982,Unknown,1981-089A,7.0,,659.0,17.0,24 Oct 2018,
39,,Cosmos-1317,28 Jan 1984,Accidental,1981-108A,10.0,10.0,15889.0,411.0,24 Oct 2018,
40,,Cosmos-1355,08 Aug 1983,Unknown,1982-038A,28.0,,2634.0,69.0,24 Oct 2018,
41,,Cosmos-1355,01 Feb 1984,Unknown,1982-038A,28.0,,2634.0,69.0,24 Oct 2018,
42,,Cosmos-1355,20 Feb 1984,Unknown,1982-038A,28.0,,2634.0,69.0,24 Oct 2018,
43,,Cosmos-1375,21 Oct 1985,Electrical,1982-055A,60.0,57.0,3054.0,201.0,24 Oct 2018,
44,,Cosmos-1405,20 Dec 1983,Unknown,1982-088A,31.0,,2916.0,76.0,24 Oct 2018,
45,,Proton-K/DM-2 ullage motor (SOZ),22 May 1997,Propulsion,1987-109E,,,,,04 Dec 2017,
46,,Blok-ML (Molniya-M Blok-ML),08 Dec 1982,Propulsion,1982-115E,29.0,,2728.0,71.0,24 Oct 2018,
47,,Proton-K/D-1 ullage motor (SOZ),03 Sep 1984,Propulsion,1983-020B,,,,,04 Dec 2017,
48,,NOAA 8,30 Dec 1985,Electrical,1983-022A,12.0,3.0,1356.0,35.0,24 Oct 2018,
49,,Cosmos-1456,13 Aug 1983,Accidental,1983-038A,3.0,,3163.0,89.0,24 Oct 2018,
50,,Cosmos-1461,11 Mar 1985,Unknown,1983-044A,186.0,13.0,17486.0,451.0,24 Oct 2018,
51,,Cosmos-1461,13 May 1985,Unknown,1983-044A,186.0,13.0,17486.0,451.0,24 Oct 2018,
52,,Cosmos-1481,09 Jul 1983,Accidental,1983-070A,6.0,6.0,3132.0,121.0,24 Oct 2018,
53,,Cosmos-1484,18 Oct 1993,Unknown,1983-075A,48.0,,3135.0,117.0,24 Oct 2018,
54,,Proton-K/DM-2 ullage motor (SOZ),04 Feb 1991,Propulsion,1983-127H,7.0,2.0,659.0,17.0,24 Oct 2018,
55,,PAM-D (Palapa B2) (Challenger (OV-099)),06 Feb 1984,Propulsion,1984-011E,17.0,,,,04 Dec 2017,
56,,Cosmos-1916,27 Feb 1988,Deliberate,1988-007A,,,,,04 Dec 2017,
57,,PAM-D (Westar VI) (Challenger (OV-099)),03 Feb 1984,Propulsion,1984-011F,17.0,,,,04 Dec 2017,
58,,Cosmos-1588,23 Feb 1986,Unknown,1984-083A,44.0,,3145.0,107.0,24 Oct 2018,
59,,Proton-K/DM-2 ullage motor (SOZ),05 Sep 1992,Propulsion,1984-106F,23.0,1.0,2663.0,69.0,24 Oct 2018,
60,,Cosmos-1646,20 Nov 1987,Unknown,1985-030A,23.0,,2164.0,57.0,24 Oct 2018,
61,,Proton-K/DM-2 ullage motor (SOZ),29 Nov 1998,Propulsion,1985-037G,3.0,1.0,282.0,8.0,24 Oct 2018,
62,,Cosmos-1654,21 Jun 1985,Deliberate,1985-039A,17.0,,1599.0,42.0,24 Oct 2018,
63,,Proton-K/DM-2 ullage motor (SOZ),05 Jan 1988,Propulsion,1985-042E,5.0,5.0,567.0,15.0,24 Oct 2018,
64,,Cosmos-1682,18 Dec 1986,Unknown,1985-082A,22.0,,2070.0,54.0,24 Oct 2018,
65,,Molniya 3-26,21 Feb 2001,Aerodynamics,1985-091A,,,,,04 Dec 2017,
66,,Cosmos-1691,22 Nov 1985,Electrical,1985-094B,20.0,17.0,3161.0,91.0,24 Oct 2018,
67,,Proton-K/DM-2 ullage motor (SOZ),09 Mar 1999,Propulsion,1988-085G,78.0,9.0,3064.0,190.0,24 Oct 2018,
68,,Cosmos-1701,29 Apr 2001,Aerodynamics,1985-105A,,,,,04 Dec 2017,
69,,Molniya 1-82,01 Oct 2004,Aerodynamics,1991-053A,,,,,04 Dec 2017,
70,,Centaur-5 SEC (Atlas V 401),11 Dec 2004,Aerodynamics,2003-020B,,,,,04 Dec 2017,
71,,Star 26B (Thor-Burner IIA),17 Jan 2005,Collision,1974-015B,6.0,6.0,859.0,18.0,24 Oct 2018,
72,,Cosmos-1934/Cosmos-926 debris,22 Dec 1991,Collision,1988-023A/1977-062C,,,,,04 Dec 2017,
73,,Molniya 1-77,24 Feb 2005,Aerodynamics,1990-039A,,,,,04 Dec 2017,
74,,Proton-K/DM-2 ullage motor (SOZ),23 Apr 2005,Propulsion,1992-088F,,,,,04 Dec 2017,
75,,Proton-K/DM-2 ullage motor (SOZ),01 Jun 2005,Propulsion,2002-037E,61.0,1.0,3104.0,149.0,24 Oct 2018,
76,,Proton-K/DM-2 ullage motor (SOZ),30 Jun 2005,Propulsion,2002-037E,61.0,1.0,3104.0,149.0,24 Oct 2018,
77,,Meteor 2-17,21 Jun 2005,Anomalous,1988-005A,46.0,46.0,,,04 Dec 2017,
78,,H10 (Ariane 44LP H10),17 Feb 1998,Propulsion,1988-109C,17.0,16.0,1599.0,42.0,24 Oct 2018,
79,,H-II LE-5B (H-IIA 2022),27 Aug 2006,Unknown,2006-002B,21.0,,1976.0,51.0,24 Oct 2018,
80,,Cosmos 3 second stage (S3) (Cosmos 3M (11K65M)),22 Jun 2005,Collision,1990-017B,1.0,1.0,,,04 Dec 2017,
81,,Tsyklon-3-3 (Tsyklon SL-14 (F-2)),04 May 2006,Propulsion,1985-108B,49.0,1.0,3133.0,119.0,24 Oct 2018,
82,,Proton-K/DM-2 ullage motor (SOZ),10 Jun 2006,Propulsion,1989-039G,119.0,37.0,11652.0,302.0,24 Oct 2018,
83,,Vanguard 3,14 Feb 2006,Anomalous,1959-007A,2.0,,,,04 Dec 2017,
84,,H-II LE-5B (H-IIA 2022),08 Aug 2006,Anomalous,2006-002B,23.0,2.0,,,04 Dec 2017,
85,,Proton-K/DM-2 ullage motor (SOZ),01 Sep 2006,Propulsion,2000-036E,,,,,04 Dec 2017,
86,,Blok-ML (Molniya-M Blok-ML),31 Aug 2006,Aerodynamics,1990-052D,,,,,04 Dec 2017,
87,,Cosmos-2423,17 Nov 2006,Deliberate,2006-039A,30.0,,3178.0,72.0,24 Oct 2018,
88,,Delta IV DCSS 4 (Delta 4M),04 Nov 2006,Unknown,2006-050B,66.0,2.0,3056.0,198.0,24 Oct 2018,
89,,Proton-K/DM-2 ullage motor (SOZ),03 Aug 1998,Propulsion,1989-001G,15.0,5.0,1411.0,37.0,24 Oct 2018,
90,,DELTA K (Delta 5920),03 Dec 2006,Collision,1989-089B,,,,,04 Dec 2017,
91,,H-II LE-5B (H-IIA 202),28 Dec 2006,Unknown,2006-037B,9.0,,847.0,22.0,24 Oct 2018,
92,,Fengyun 1C,11 Jan 2007,Deliberate,1999-025A,3450.0,2806.0,264410.0,5160.0,16 Oct 2020,
93,,Meteor 2-8,01 May 1999,Anomalous,1982-025A,52.0,52.0,,,04 Dec 2017,
94,,Yaogan Weixing 1,04 Feb 2010,Unknown,2006-015A,7.0,1.0,665.0,18.0,24 Oct 2018,
95,,Briz-M auxiliary tank (DTB),21 Jun 2010,Aerodynamics,2009-042C,88.0,,3041.0,214.0,24 Oct 2018,
96,,Briz-M (Proton-M/Briz-M),13 Oct 2010,Propulsion,2008-011B,115.0,114.0,11123.0,288.0,24 Oct 2018,
97,,H-18 (Long March (CZ) 3C),01 Nov 2010,Unknown,2010-057B,56.0,55.0,3116.0,137.0,24 Oct 2018,
98,,NOAA 11,24 Nov 2010,Electrical,1988-089A,2.0,2.0,231.0,6.0,24 Oct 2018,
99,,H-IIA 2024 Adapter (4/4D-LC),23 Dec 2010,Aerodynamics,2007-005E,3.0,,,,24 Oct 2018,
100,,Proton-K/DM-2 ullage motor (SOZ),18 Dec 1992,Propulsion,1989-004E,,,,,04 Dec 2017,
101,,H-18 (Long March (CZ) 3C),26 Feb 2012,Propulsion,2012-008B,37.0,37.0,3161.0,91.0,24 Oct 2018,
102,,Blits,22 Jan 2013,Anomalous,2009-049G,1.0,1.0,,,04 Dec 2017,
103,,Jason,16 Mar 2002,Collision,2001-055A,2.0,2.0,,,04 Dec 2017,
104,,Cosmos-192,30 Aug 2009,Anomalous,1967-116A,3.0,,,,04 Dec 2017,
105,,ISIS 1,24 May 2007,Anomalous,1969-009A,2.0,2.0,,,04 Dec 2017,
106,,H-II LE-5B (H-IIA 202),25 Jul 2007,Unknown,2006-037B,9.0,,847.0,22.0,24 Oct 2018,
107,,UARS,10 Nov 2007,Anomalous,1991-063B,5.0,,,,04 Dec 2017,
108,,Cosmos-1867 (NPP),01 Apr 2014,Collision,1987-060A,35.0,35.0,,,04 Dec 2017,
109,,Delta II second stage (Delta 7920),30 Apr 2014,Collision,1999-008D,7.0,,,,04 Dec 2017,
110,,H-18 (Long March (CZ) 3A),02 Feb 2007,Propulsion,2007-003B,,,,,04 Dec 2017,
111,,Proton-K/DM-2 ullage motor (SOZ),29 Dec 1991,Propulsion,1985-118L,16.0,9.0,1568.0,41.0,24 Oct 2018,
112,,H10 (Ariane 2),01 Jan 2001,Propulsion,1989-006B,86.0,85.0,3045.0,210.0,24 Oct 2018,
113,,Zi Yuan 1,18 Feb 2007,Unknown,1999-057A,87.0,52.0,9548.0,247.0,24 Oct 2018,
114,,Proton-K/DM-2M ullage motor (SOZ),14 Feb 2007,Propulsion,1997-070F,6.0,2.0,564.0,15.0,24 Oct 2018,
115,,Briz-M (Proton-M/Briz-M),19 Feb 2007,Propulsion,2006-006B,101.0,87.0,9500.0,246.0,24 Oct 2018,
116,,Hai Yang 2A,06 Jul 2014,Anomalous,2011-043A,7.0,4.0,,,04 Dec 2017,
117,,Proton-M/DM-2 ullage motor (SOZ),09 Jul 2014,Propulsion,2010-007G,23.0,23.0,2338.0,61.0,24 Oct 2018,
118,,Proton-K/DM-2 ullage motor (SOZ),13 Aug 2014,Propulsion,2007-052F,25.0,24.0,2652.0,69.0,24 Oct 2018,
119,,Cosmos-539,21 Apr 2002,Collision,1972-102A,1.0,,,,04 Dec 2017,
120,,NOAA 7,01 Aug 1997,Collision,1981-059A,8.0,3.0,,,04 Dec 2017,
121,,Cosmos-2428,10 May 2014,Collision,2007-029A,9.0,1.0,,,04 Dec 2017,
122,,Proton-K/DM-2 ullage motor (SOZ),08 May 2014,Propulsion,1994-076G,1.0,1.0,188.0,5.0,24 Oct 2018,
123,,Proton-K/DM-2 ullage motor (SOZ),12 Jan 1993,Propulsion,1989-052F,1.0,,188.0,5.0,24 Oct 2018,
124,,Proton-M/DM-2 ullage motor (SOZ),08 May 2014,Propulsion,2008-046H,10.0,10.0,,,04 Dec 2017,
125,,Cosmos-862 fragmentation debris,15 May 2014,Aerodynamics,1976-105F,12.0,4.0,,,04 Dec 2017,
126,,Transtage 17 (Titan IIIC),04 Jun 2014,Propulsion,1969-013B,18.0,18.0,28586.0,736.0,24 Oct 2018,
127,,Delta IV DCSS 5 (Delta 4H),11 Nov 2007,Unknown,2007-054B,31.0,31.0,,,24 Oct 2018,
128,,Cosmos-2105,16 Jan 2008,Aerodynamics,1990-099A,,,,,04 Dec 2017,
129,,H-18 (Long March (CZ) 3A),27 Jan 2008,Unknown,2007-051B,,,,,04 Dec 2017,
130,,Blok-ML (Molniya-M Blok-ML),17 Feb 2008,Anomalous,1994-051D,,,,,04 Dec 2017,
131,,USA 193,21 Feb 2008,Deliberate,2006-057A,174.0,,,,04 Dec 2017,
132,,Cosmos-2421 fragmentation debris,14 Mar 2008,Unknown,2006-026A,509.0,1.0,47883.0,1234.0,24 Oct 2018,
133,,Centaur-5 SEC (Atlas V 421),21 Mar 2008,Aerodynamics,2007-046B,,,,,04 Dec 2017,
134,,Cosmos-2030,28 Jul 1989,Deliberate,1989-054A,,,,,04 Dec 2017,
135,,Cosmos-2421 fragmentation debris,28 Apr 2008,Unknown,2006-026A,508.0,,,,04 Dec 2017,
136,,Cosmos-2421 fragmentation debris,09 Jun 2008,Unknown,2006-026A,508.0,,,,04 Dec 2017,
137,,Blok-ML (Molniya-M Blok-ML),30 Jun 1998,Aerodynamics,1981-054E,,,,,04 Dec 2017,
138,,Cosmos-1818 (NPP),04 Jul 2008,Collision,1987-011A,29.0,28.0,,,04 Dec 2017,
139,,Cosmos-2251/Iridium 33,10 Feb 2009,Collision,1993-036A/1997-051C,2304.0,1390.0,165049.0,3217.0,16 Oct 2020,
140,,Proton-K/DM-2 ullage motor (SOZ),08 Mar 2009,Propulsion,1991-025F,32.0,10.0,,,04 Dec 2017,
141,,NOAA 16,25 Nov 2015,Electrical,2000-055A,458.0,457.0,53186.0,1370.0,24 Oct 2018,
142,,Proton-M/DM-2 ullage motor (SOZ),18 Aug 2011,Propulsion,2007-065G,,,,,04 Dec 2017,
143,,Proton-K/DM-2 ullage motor (SOZ),17 Nov 2011,Propulsion,1990-045F,,,,,04 Dec 2017,
144,,H-18 (Long March (CZ) 3B/E),19 Dec 2011,Unknown,2011-077B,38.0,38.0,3159.0,93.0,24 Oct 2018,
145,,Cosmos-2031,31 Aug 1989,Deliberate,1989-056A,8.0,,753.0,20.0,24 Oct 2018,
146,,Briz-M (Proton-M/Briz-M),16 Oct 2012,Propulsion,2012-044C,111.0,12.0,10439.0,271.0,24 Oct 2018,
147,,Iridium 47,07 Jun 2014,Collision,1997-082C,10.0,7.0,,,04 Dec 2017,
148,,Iridium 91,30 Nov 2014,Anomalous,2002-005A,4.0,2.0,,,04 Dec 2017,
149,,DMSP Block 5D-2 F13,03 Feb 2015,Electrical,1995-015A,235.0,218.0,27168.0,700.0,24 Oct 2018,
150,,Cosmos-2259,25 Jul 1993,Deliberate,1993-045A,,,,,04 Dec 2017,
151,,Cosmos-2262,18 Dec 1993,Deliberate,1993-057A,1.0,,188.0,5.0,24 Oct 2018,
152,,Proton-K/DM-2 ullage motor (SOZ),07 Sep 2000,Propulsion,1993-072E,,,,,04 Dec 2017,
153,,Titan-2-2 (Titan II SLV),07 Feb 1994,Propulsion,1994-004B,,,,,04 Dec 2017,
154,,HAPS (Pegasus/HAPS),03 Jun 1996,Propulsion,1994-029B,753.0,81.0,70827.0,1823.0,24 Oct 2018,
155,,Proton-K/DM-2 ullage motor (SOZ),21 Oct 1995,Propulsion,1994-038F,1.0,,188.0,5.0,24 Oct 2018,
156,,Molniya 3-36,19 May 2000,Aerodynamics,1989-094A,,,,,04 Dec 2017,
157,,H-II LE-5A,31 Mar 1995,Aerodynamics,1994-056B,,,,,04 Dec 2017,
158,,Proton-K/DM-2 ullage motor (SOZ),11 May 1995,Propulsion,1994-069E,,,,,04 Dec 2017,
159,,Briz-KM (Rokot-KM),26 Dec 1994,Propulsion,1994-085B,25.0,22.0,3070.0,184.0,24 Oct 2018,
160,,Cosmos-2313,26 Jun 1997,Unknown,1995-028A,12.0,,1129.0,30.0,24 Oct 2018,
161,,Cerise,24 Jul 1996,Collision,1995-033B,1.0,,254.0,6.0,24 Oct 2018,
162,,Proton-K/DM-2 ullage motor (SOZ),21 Nov 2000,Propulsion,1995-037K,,,,,04 Dec 2017,
163,,Blok-DM-2 (Proton-K/DM-2),19 Feb 1996,Propulsion,1996-010D,,,,,04 Dec 2017,
164,,Proton-K/DM-2 ullage motor (SOZ),13 Dec 1999,Propulsion,1996-034F,,,,,04 Dec 2017,
165,,Cosmos-2343,16 Sep 1997,Deliberate,1997-024A,,,,,04 Dec 2017,
166,,Cosmos-2347,22 Nov 1999,Unknown,1997-079A,8.0,,753.0,20.0,24 Oct 2018,
167,,Blok-ML (Molniya-M Blok-ML),28 Jun 2000,Aerodynamics,1989-094B,,,,,04 Dec 2017,
168,,Blok-DM-2M (Proton-K/DM-2M),25 Dec 1997,Propulsion,1997-086D,,,,,04 Dec 2017,
169,,H-II LE-5A,21 Feb 1998,Propulsion,1998-011B,,,,,04 Dec 2017,
170,,L-14B (YF40B) (Long March (CZ) 4B),11 Mar 2000,Propulsion,1999-057C,343.0,149.0,36125.0,930.0,24 Oct 2018,
171,,Molniya 3-19,13 Jan 2002,Aerodynamics,1982-083A,,,,,04 Dec 2017,
172,,PSLV fourth stage (PS4),19 Dec 2001,Propulsion,2001-049D,371.0,71.0,34857.0,899.0,24 Oct 2018,
173,,Cosmos-2367,21 Nov 2001,Unknown,1999-072A,16.0,,1506.0,39.0,24 Oct 2018,
174,,Proton-K/DM-2 ullage motor (SOZ),14 Jul 2001,Propulsion,1992-082F,,,,,04 Dec 2017,
175,,Proton-K/DM-2 ullage motor (SOZ),16 Jun 2001,Propulsion,1991-025G,32.0,10.0,3011.0,78.0,24 Oct 2018,
176,,H10 (Ariane 44L H10),24 Dec 2001,Propulsion,1991-075B,12.0,8.0,1129.0,30.0,24 Oct 2018,
177,,H10 (Ariane 2),09 Jul 2002,Propulsion,1988-040B,7.0,7.0,659.0,17.0,24 Oct 2018,
178,,Tsyklon-3-3 (Tsyklon SL-14 (F-2)),18 Apr 1999,Propulsion,1989-100B,25.0,,2352.0,62.0,24 Oct 2018,
179,,H10 (Ariane 44L H10),02 Feb 2002,Propulsion,1992-041C,6.0,1.0,564.0,15.0,24 Oct 2018,
180,,Proton-K/DM-2 ullage motor (SOZ),04 Aug 2003,Propulsion,1988-085F,78.0,9.0,,,04 Dec 2017,
181,,Cosmos-2399,09 Dec 2003,Deliberate,2003-035A,21.0,,1976.0,51.0,24 Oct 2018,
182,,Proton-K/DM-2 ullage motor (SOZ),21 Feb 2003,Propulsion,1990-110G,1.0,1.0,193.0,6.0,24 Oct 2018,
183,,Proton-K/DM-2 ullage motor (SOZ),23 Apr 2003,Propulsion,1987-079H,54.0,19.0,,,04 Dec 2017,
184,,Cosmos-2383,28 Feb 2004,Unknown,2001-057A,13.0,,1223.0,32.0,24 Oct 2018,
185,,Molniya 3-16,05 Feb 1998,Aerodynamics,1981-054A,,,,,04 Dec 2017,
186,,H10 (Ariane 3),20 Nov 1984,Propulsion,1984-114C,1.0,1.0,188.0,5.0,24 Oct 2018,
187,,Proton-K/DM-2 ullage motor (SOZ),13 Nov 2003,Propulsion,1989-001H,14.0,4.0,,,04 Dec 2017,
188,,Cosmos-41 fragmentation debris,30 Dec 2002,Aerodynamics,1964-049F,,,,,04 Dec 2017,
189,,Proton-K/DM-2 ullage motor (SOZ),01 Jul 1992,Propulsion,1989-101E,14.0,3.0,1318.0,34.0,24 Oct 2018,
190,,Blok-ML (Molniya-M Blok-ML),13 Jan 2003,Aerodynamics,1985-103D,,,,,04 Dec 2017,
191,,Cosmos-1849,27 Jan 2003,Aerodynamics,1987-048A,,,,,04 Dec 2017,
192,,Molniya 3-35,14 Dec 2001,Aerodynamics,1989-043A,,,,,04 Dec 2017,
193,,DMSP Block 5D-2 F11,15 Apr 2004,Electrical,1991-082A,84.0,64.0,9680.0,251.0,24 Oct 2018,
194,,Proton-K/DM-2 ullage motor (SOZ),10 Jul 2004,Propulsion,1992-047G,36.0,13.0,,,04 Dec 2017,
195,,Proton-K/DM-2 ullage motor (SOZ),29 Oct 2004,Propulsion,2002-037F,60.0,,,,04 Dec 2017,
196,,Cosmos-1030,15 Aug 2004,Aerodynamics,1978-083A,12.0,9.0,1129.0,30.0,24 Oct 2018,
197,,Briz-M auxiliary tank (DTB),17 Jun 2015,Aerodynamics,2014-064C,,,,,04 Dec 2017,
198,,Beidou DW 2,29 Jun 2016,Propulsion,2009-018A,,,,,04 Dec 2017,
199,,RISAT-1,30 Sep 2016,Anomalous,2012-017A,12.0,,,,04 Dec 2017,
200,,Proton-K/DM-2 ullage motor (SOZ),28 Mar 1999,Propulsion,1990-045G,,,,,04 Dec 2017,
201,,DMSP Block 5D-2 F12,23 Oct 2016,Anomalous,1994-057A,1.0,1.0,,,04 Dec 2017,
202,,Proton-K/DM-2 ullage motor (SOZ),27 Jul 2016,Propulsion,2006-062G,8.0,7.0,753.0,20.0,24 Oct 2018,
203,,Sentinel-1A,23 Aug 2016,Collision,2014-016A,7.0,3.0,,,04 Dec 2017,
204,,Fregat operational debris (SBB),04 Aug 2015,Unknown,2011-037B,,,,,04 Dec 2017,
205,,Briz-M (Proton-M/Briz-M),16 Jan 2016,Propulsion,2015-075B,6.0,6.0,9537.0,247.0,24 Oct 2018,
206,,Briz-M auxiliary tank (DTB),23 Dec 2015,Propulsion,2012-026C,10.0,10.0,15889.0,411.0,24 Oct 2018,
207,,Proton-M/DM-2 ullage motor (SOZ),26 Mar 2016,Propulsion,2008-067G,21.0,14.0,1399.0,37.0,24 Oct 2018,
208,,COBE,01 Jan 1993,Anomalous,1989-089A,102.0,2.0,,,04 Dec 2017,
209,,Hitomi (ASTRO-H),26 Mar 2016,Accidental,2016-012A,12.0,9.0,1129.0,30.0,24 Oct 2018,
210,,Proton-M/DM-2 ullage motor (SOZ),01 Jun 2016,Propulsion,2008-067H,14.0,14.0,,,04 Dec 2017,
211,,L-14 (YF40A) (Long March (CZ) 4),04 Oct 1990,Propulsion,1990-081D,106.0,78.0,12693.0,328.0,24 Oct 2018,
212,,Molniya-1T,15 Apr 2016,Aerodynamics,2004-005A,2.0,,,,04 Dec 2017,
213,,Titan Transtage (OV2 3) (Titan IIIC),21 Dec 1965,Propulsion,1965-108A,108.0,101.0,10157.0,264.0,24 Oct 2018,
214,,Blok-L (Molniya),04 Apr 2004,Aerodynamics,1964-049E,8.0,,753.0,20.0,24 Oct 2018,
215,,H8 (Ariane 1),13 Nov 1986,Propulsion,1986-019C,497.0,31.0,56037.0,1442.0,24 Oct 2018,
216,,Cosmos-2101,30 Nov 1990,Deliberate,1990-087A,3.0,,282.0,8.0,24 Oct 2018,
217,,Proton-K/DM-2 ullage motor (SOZ),14 Dec 1995,Propulsion,1990-102E,1.0,1.0,188.0,5.0,24 Oct 2018,
218,,Proton-K/DM-2 ullage motor (SOZ),22 Apr 2005,Propulsion,1992-088E,1.0,,,,04 Dec 2017,
219,,Cosmos-1043,21 Feb 1993,Anomalous,1978-094A,1.0,,,,04 Dec 2017,
220,,Meteor 2-12,04 Feb 2005,Anomalous,1985-013A,1.0,1.0,,,04 Dec 2017,
221,,L-14B-res (YF40B-res) (Long March (CZ) 4C),10 Apr 2012,Unknown,2010-051C,4.0,2.0,,,04 Dec 2017,
222,,Zenit-2 second stage,08 Sep 1999,Propulsion,1993-059B,4.0,,459.0,12.0,24 Oct 2018,
223,,Meteor 2-21,23 Jun 2015,Unconfirmed,1993-055A,2.0,2.0,,,04 Dec 2017,
224,,Seasat 1,30 May 2008,Anomalous,1978-064A,16.0,,,,04 Dec 2017,
225,,DMSP Block 5D-2 F10,01 Dec 1990,Propulsion,1990-105A,27.0,1.0,2861.0,74.0,24 Oct 2018,
226,,H-II LE-5B (H-IIA 202),18 May 2012,Unknown,2012-025E,6.0,,,,04 Dec 2017,
227,,L-14B-res (YF40B-res) (Long March (CZ) 4C),12 May 2012,Unknown,2009-072C,5.0,5.0,,,04 Dec 2017,
228,,Seasat 1,21 Feb 1988,Anomalous,1978-064A,16.0,,,,04 Dec 2017,
229,,Transit 14 (NNS O-10),08 Jun 2001,Anomalous,1966-076A,5.0,2.0,,,04 Dec 2017,
230,,ERS-1,03 Jun 2009,Anomalous,1991-050A,10.0,6.0,,,04 Dec 2017,
231,,Hubble Space Telescope,05 Aug 2003,Anomalous,1990-037B,1.0,,,,04 Dec 2017,
232,,Meteor 2-9,08 Feb 2005,Anomalous,1982-116A,4.0,4.0,,,04 Dec 2017,
233,,Delta IV DCSS 5 (Delta 4H),12 May 2014,Anomalous,2014-077B,1.0,,,,04 Dec 2017,
234,,Transit 12 (NNS O-8),15 Jul 1981,Anomalous,1966-024A,4.0,2.0,,,04 Dec 2017,
235,,L-14B-res (YF40B-res) (Long March (CZ) 4C),14 May 2012,Unknown,2010-059B,5.0,5.0,,,04 Dec 2017,
236,,Proton-K/DM-2 ullage motor (SOZ),14 Mar 1998,Propulsion,1990-110H,1.0,1.0,,,04 Dec 2017,
237,,NOAA-14 debris,01 Mar 1995,Electrical,1994-089D,3.0,1.0,,,04 Dec 2017,
238,,Transit 16 (NNS O-13),12 Feb 1995,Anomalous,1967-048A,3.0,1.0,,,04 Dec 2017,
239,,H10 (Ariane 40 H10),01 Apr 2001,Propulsion,1991-050F,1.0,,219.0,6.0,24 Oct 2018,
240,,IUS first stage (Atlantis (OV-104)),02 Aug 1991,Unknown,1991-054C,,,,,04 Dec 2017,
241,,Transit 17 (NNS O-14),15 Apr 1981,Anomalous,1967-092A,7.0,,,,04 Dec 2017,
242,,L-14B (YF40B) (Long March (CZ) 4B),04 Sep 2005,Unknown,2004-044B,5.0,,,,04 Dec 2017,
243,,Snapshot (NPP) + Atlas SLV-3 Agena D stage 2 fragmentation debris,15 Aug 1981,Anomalous,1965-027A,157.0,157.0,,,04 Dec 2017,
244,,ERS-2,19 Oct 2003,Anomalous,1995-021A,6.0,4.0,,,04 Dec 2017,
245,,Dodecapole 2,16 Aug 2016,Unconfirmed,1965-065C,1.0,,,,04 Dec 2017,
246,,OPS 0856 (RTS-1 2),16 Jun 1992,Anomalous,1966-077A,25.0,25.0,,,04 Dec 2017,
247,,H10 (Ariane 44L H10),30 Apr 1996,Propulsion,1991-003C,14.0,12.0,1318.0,34.0,24 Oct 2018,
248,,L-14B (YF40B) (Long March (CZ) 4B),22 Jun 2009,Unknown,2008-064B,5.0,,,,04 Dec 2017,
249,,H-II LE-5B (H-IIA 2024),10 Sep 2002,Unknown,2002-042D,1.0,,,,04 Dec 2017,
250,,Meteor 2-15,13 Mar 2006,Anomalous,1987-001A,1.0,1.0,,,04 Dec 2017,
251,,Snapshot (NPP) + Atlas SLV-3 Agena D stage 2 fragmentation debris,15 Aug 1983,Anomalous,1965-027A,157.0,157.0,,,04 Dec 2017,
252,,Transit 5B-6 (NNS 30040 - OPS 8480),15 Jun 1981,Anomalous,1965-048A,9.0,,,,04 Dec 2017,
253,,Blok-DM-2 (Proton-K/DM-2),17 Oct 2002,Unconfirmed,2002-048C,4.0,,,,04 Dec 2017,
254,,DMSP Block 5D-2 F6,22 Jun 2009,Electrical,1982-118A,7.0,6.0,781.0,21.0,24 Oct 2018,
255,,Seasat 1,24 Dec 2002,Anomalous,1978-064A,16.0,,,,04 Dec 2017,
256,,"Delta IV DCSS 4 (Delta 4M+(4,2))",20 Apr 2015,Anomalous,2015-013B,4.0,1.0,,,04 Dec 2017,
257,,Blok-DM-2M (Proton-K/DM-2M),14 Jun 2012,Propulsion,1996-021D,2.0,2.0,3170.0,82.0,24 Oct 2018,
258,,Cosmos 3 second stage (S3) (Cosmos 3M (11K65M)),05 Mar 1991,Propulsion,1991-009J,110.0,110.0,20369.0,525.0,24 Oct 2018,
259,,Start-4 (Start 1 SL-18),20 Feb 2001,Anomalous,2001-007B,7.0,,,,04 Dec 2017,
260,,Transit 11 (NNS O-7),15 Apr 1980,Anomalous,1966-005A,7.0,1.0,,,04 Dec 2017,
261,,H-II LE-5B (H-IIA 202),17 Aug 2010,Unknown,2009-066B,5.0,,,,04 Dec 2017,
262,,H8 (Ariane 1),04 Jul 1984,Propulsion,1984-023B,8.0,7.0,659.0,17.0,24 Oct 2018,
263,,Vostok 8A92M-2 (Vostok SL-3 (A-1)),15 Jun 1987,Anomalous,1971-003B,1.0,,,,04 Dec 2017,
264,,Ayame 1,06 Feb 1979,Collision,1979-009A,4.0,3.0,3093.0,157.0,24 Oct 2018,
265,,Cosmos-1658,04 Nov 2005,Aerodynamics,1985-045A,1.0,,,,04 Dec 2017,
266,,Fobos-Grunt,29 Nov 2011,Anomalous,2011-065A,3.0,,,,04 Dec 2017,
267,,DMSP F-18 (USA 210),23 Nov 2009,Electrical,2009-057A,2.0,2.0,233.0,6.0,24 Oct 2018,
268,,Altair 2 (Scout X-4),15 Apr 2015,Anomalous,1964-051B,1.0,1.0,,,04 Dec 2017,
269,,Proton-K/DM-2 ullage motor (SOZ),07 May 1994,Propulsion,1991-010D,3.0,,282.0,8.0,24 Oct 2018,
270,,Columbia (STS-107),17 Jan 2003,Accidental,2003-003A,1.0,,,,04 Dec 2017,
271,,Delta II second stage (Delta 7925),06 Dec 1995,Anomalous,1995-041B,1.0,,,,04 Dec 2017,
272,,L-14B (YF40B) (Long March (CZ) 4B),24 Oct 2006,Unknown,2006-046C,8.0,5.0,,,04 Dec 2017,
273,,SARA,15 Oct 2006,Anomalous,1991-050E,10.0,6.0,,,04 Dec 2017,
274,,Star 37D (Delta J),09 Jun 1986,Propulsion,1968-055B,18.0,13.0,1356.0,35.0,24 Oct 2018,
275,,Cosmos-1188,05 Jan 2001,Accidental,1980-050A,7.0,6.0,3083.0,171.0,24 Oct 2018,
276,,OPS 0856 (RTS-1 2),23 Jun 1992,Anomalous,1966-077A,25.0,25.0,,,04 Dec 2017,
277,,H-II LE-5B (H-IIA 202),03 Mar 2014,Unknown,2014-009J,1.0,,,,04 Dec 2017,
278,,Ayame 2,22 Feb 1980,Unknown,1980-018A,3.0,3.0,3129.0,124.0,24 Oct 2018,
279,,Progress M-27M,28 Apr 2015,Accidental,2015-024A,20.0,,1881.0,49.0,24 Oct 2018,
280,,H10 (Ariane 44LP H10),27 Apr 1994,Propulsion,1991-015C,11.0,8.0,1035.0,27.0,21 Jul 2020,
281,,Okean 3,12 Oct 1998,Anomalous,1991-039A,1.0,,,,04 Dec 2017,
282,,Zenit-2 second stage,26 Apr 2006,Propulsion,2004-021B,3.0,3.0,349.0,9.0,24 Oct 2018,
283,,Transit 11 (NNS O-7),15 Sep 1980,Anomalous,1966-005A,6.0,1.0,,,04 Dec 2017,
284,,Vostok 8A92M-2 (Vostok SL-3 (A-1)),15 Nov 1990,Anomalous,1968-019B,1.0,,,,04 Dec 2017,
285,,SARA,22 Aug 2003,Anomalous,1991-050E,10.0,6.0,,,04 Dec 2017,
286,,H-II LE-5B (H-IIA 202),24 Jan 2009,Unknown,2009-002J,10.0,,,,04 Dec 2017,
287,,Ariane 1 debris,23 Jun 1983,Propulsion,1983-058E,3.0,,,,04 Dec 2017,
288,,L-14B-res (YF40B-res) (Long March (CZ) 4C),01 Sep 2013,Unknown,2013-046D,2.0,2.0,,,04 Dec 2017,
289,,H10 (Ariane 3),20 Dec 1999,Propulsion,1988-018C,1.0,,188.0,5.0,24 Oct 2018,
290,,Transit 5B-2 (NPP),09 Jan 1998,Anomalous,1963-049B,1.0,,,,04 Dec 2017,
291,,Tsyklon-3-3 (Tsyklon SL-14 (F-2)),09 Oct 1999,Propulsion,1991-068G,39.0,39.0,3078.0,176.0,24 Oct 2018,
292,,Transit 17 (NNS O-14),15 Aug 1986,Anomalous,1967-092A,7.0,,,,04 Dec 2017,
293,,Cosmos-1382,30 Jun 2003,Accidental,1982-064A,4.0,3.0,3144.0,108.0,24 Oct 2018,
294,,Vostok 8A92M-2 (Vostok SL-3 (A-1)),05 May 2002,Anomalous,1985-090B,1.0,,,,04 Dec 2017,
295,,Meteor 2-7,04 Mar 2004,Anomalous,1981-043A,17.0,12.0,,,04 Dec 2017,
296,,Tiros N,15 Sep 1987,Electrical,1978-096A,7.0,2.0,808.0,21.0,24 Oct 2018,
297,,Cosmos-1341,15 Feb 2009,Accidental,1982-016A,2.0,2.0,3170.0,82.0,24 Oct 2018,
298,,H10 (Ariane 3),21 Oct 1988,Propulsion,1988-063C,5.0,3.0,376.0,10.0,24 Oct 2018,
299,,H10 (Ariane 2),06 Nov 1988,Propulsion,1988-098B,9.0,3.0,753.0,20.0,24 Oct 2018,
300,,Vostok 8A92M-2 (Vostok SL-3 (A-1)),30 Jul 1996,Anomalous,1988-032B,2.0,1.0,,,04 Dec 2017,
301,,Cosmos-1409,30 May 2008,Accidental,1982-095A,3.0,,209.0,6.0,24 Oct 2018,
302,,Cosmos-2163,06 Dec 1991,Deliberate,1991-071A,,,,,04 Dec 2017,
303,,H10+ (Ariane 42P H10+),09 Nov 1992,Unconfirmed,1992-072B,28.0,23.0,,,04 Dec 2017,
304,,Kyokko,15 Jun 1992,Anomalous,1978-014A,6.0,4.0,,,04 Dec 2017,
305,,FUSE,06 Jun 2004,Anomalous,1999-035A,9.0,,,,04 Dec 2017,
306,,H-8 (Long March (CZ) 3),17 May 1992,Unknown,1986-010B,7.0,3.0,282.0,8.0,24 Oct 2018,
307,,Seasat 1,22 Nov 1987,Anomalous,1978-064A,16.0,,,,04 Dec 2017,
308,,Boost motor (USA 89) (Discovery (OV-103)),30 Jun 1997,Unconfirmed,1992-086C,13.0,13.0,,,04 Dec 2017,
309,,L-14B (YF40B) (Long March (CZ) 4B),14 May 2012,Unknown,2011-079B,4.0,4.0,,,04 Dec 2017,
310,,Transit 5C,15 May 1994,Anomalous,1964-026A,4.0,,,,04 Dec 2017,
311,,Snapshot (NPP) + Atlas SLV-3 Agena D stage 2 fragmentation debris,15 Mar 1983,Anomalous,1965-027A,157.0,157.0,,,04 Dec 2017,
312,,L-14B (YF40B) (Long March (CZ) 4B),10 May 2012,Unknown,2012-021C,2.0,,,,04 Dec 2017,
313,,Cosmos-1769,21 Sep 1987,Unknown,1986-059A,3.0,,282.0,8.0,24 Oct 2018,
314,,H10+ (Ariane 44L H10+),21 Apr 1993,Propulsion,1992-021C,17.0,16.0,1599.0,42.0,24 Oct 2018,
315,,DMSP Block 5D-2 F9,05 Feb 1988,Electrical,1988-006A,12.0,2.0,800.0,21.0,24 Oct 2018,
316,,Altair 3 (Scout B-1),18 Oct 2005,Anomalous,1965-063B,28.0,27.0,,,04 Dec 2017,
317,,"Delta IV DCSS 4 (Delta 4M+(4,2))",22 May 2014,Anomalous,2014-026B,14.0,,,,04 Dec 2017,
318,,RADCAL,21 Jun 2009,Unconfirmed,1993-041A,4.0,3.0,,,04 Dec 2017,
319,,Tiros N,23 Feb 1996,Electrical,1978-096A,7.0,2.0,808.0,21.0,24 Oct 2018,
320,,Transit 11 (NNS O-7),15 Jul 1983,Anomalous,1966-005A,6.0,1.0,,,04 Dec 2017,
321,,Seasat 1,05 Oct 1987,Anomalous,1978-064A,16.0,,,,04 Dec 2017,
322,,Vostok 8A92M-2 (Vostok SL-3 (A-1)),15 Nov 1990,Anomalous,1964-053B,1.0,1.0,,,04 Dec 2017,
323,,Nimbus 2,08 Nov 1997,Anomalous,1966-040A,56.0,56.0,,,04 Dec 2017,
324,,Transit 19 (NNS 19),07 Mar 1998,Anomalous,1970-067A,1.0,,,,04 Dec 2017,
325,,Proton-K/DM-2 ullage motor (SOZ),08 Nov 1994,Propulsion,1992-047H,36.0,13.0,3163.0,89.0,24 Oct 2018,
326,,DELTA P (Delta 1410),11 Mar 1978,Propulsion,1975-027B,3.0,2.0,348.0,9.0,24 Oct 2018,
327,,Seasat 1,06 Nov 1997,Anomalous,1978-064A,16.0,,,,04 Dec 2017,
328,,L-14B (YF40B) (Long March (CZ) 4B),23 Mar 2015,Unknown,2013-057B,4.0,4.0,,,04 Dec 2017,
329,,Meteor 1-10,03 May 1976,Anomalous,1971-120A,17.0,,,,04 Dec 2017,
330,,Seasat 1,19 Jan 2004,Anomalous,1978-064A,16.0,,,,04 Dec 2017,
331,,CENTAUR (Atlas IIAS),23 Feb 1998,Unknown,1997-036B,1.0,,,,04 Dec 2017,
332,,L-14B (YF40B) (Long March (CZ) 4B),15 Feb 2002,Unknown,2002-024C,7.0,5.0,,,04 Dec 2017,
333,,OPS 0856 (RTS-1 2),15 Mar 1991,Anomalous,1966-077A,25.0,25.0,,,04 Dec 2017,
334,,H10 (Ariane 40 H10),04 Jan 1994,Propulsion,1993-061H,2.0,1.0,223.0,6.0,24 Oct 2018,
335,,Delta IV DCSS 4 (Delta 4M),12 Mar 2003,Anomalous,2003-008B,4.0,4.0,,,04 Dec 2017,
336,,Cosmos-2225,18 Feb 1993,Deliberate,1992-091A,5.0,,470.0,13.0,24 Oct 2018,
337,,NOAA 6,15 Sep 1992,Electrical,1979-057A,5.0,1.0,556.0,15.0,24 Oct 2018,
338,,ATLAS E/F (Atlas E),29 Jan 1996,Unknown,1983-072B,3.0,1.0,485.0,13.0,24 Oct 2018,
339,,SN 43 (Transit VE-5),16 Dec 1966,Anomalous,1964-083C,9.0,5.0,,,04 Dec 2017,
340,,"NNS O-23 (OSCAR 23, Transit-O 23)",21 Oct 2008,Unknown,1988-033A,1.0,1.0,,,04 Dec 2017,
341,,Snapshot (NPP) + Atlas SLV-3 Agena D stage 2 fragmentation debris,01 Nov 1979,Anomalous,1965-027A,157.0,157.0,,,04 Dec 2017,
342,,Seasat 1,08 Jan 1995,Anomalous,1978-064A,16.0,,,,04 Dec 2017,
343,,DMSP Block 5D-2 F7,04 Dec 1983,Electrical,1983-113A,3.0,,341.0,9.0,24 Oct 2018,
344,,H8 (Ariane 1),07 Jun 1987,Propulsion,1985-056B,13.0,8.0,1223.0,32.0,24 Oct 2018,
345,,Seasat 1,17 Aug 2005,Anomalous,1978-064A,16.0,,,,04 Dec 2017,
346,,NNS O-18 insulation,15 Jun 2009,Anomalous,1968-012F,1.0,1.0,,,04 Dec 2017,
347,,Zenit-2 second stage fragmentation debris,26 Dec 1992,Propulsion,1992-093B,279.0,196.0,32459.0,837.0,24 Oct 2018,
348,,Vostok 8A92M-2 (Vostok SL-3 (A-1)),15 Oct 1996,Anomalous,1981-043B,1.0,,,,04 Dec 2017,
349,,Cosmos 3 second stage (S3) (Cosmos 3M (11K65M)),09 Apr 2003,Unconfirmed,1981-120G,12.0,12.0,,,04 Dec 2017,
350,,Resurs-O1 N3,09 Aug 2006,Unconfirmed,1994-074A,30.0,1.0,,,04 Dec 2017,
351,,Transit 13 (NNS O-9),02 Apr 2004,Unknown,1966-041A,3.0,2.0,346.0,9.0,24 Oct 2018,
352,,SPOT-4 debris,06 May 2011,Anomalous,1998-017C,3.0,,,,04 Dec 2017,
353,,SARA,17 Apr 2005,Anomalous,1991-050E,10.0,6.0,,,04 Dec 2017,
354,,H-II LE-5B (H-IIA 202),27 Jan 2013,Unknown,2013-002C,1.0,,,,04 Dec 2017,
355,,Zenit-2 second stage,03 Aug 1998,Propulsion,1996-051B,3.0,2.0,349.0,9.0,24 Oct 2018,
356,,NOAA 12,02 Oct 2011,Electrical,1991-032A,4.0,4.0,449.0,12.0,24 Oct 2018,
357,,Transit 5B-6 (NNS 30040 - OPS 8480),15 Nov 1999,Anomalous,1965-048A,9.0,,,,04 Dec 2017,
358,,Zenit-2 second stage fragmentation debris,26 Dec 1992,Propulsion,1992-093B,278.0,196.0,,,04 Dec 2017,
359,,L-55 (YF24) (Long March (CZ) 2C),06 Sep 2008,Propulsion,2008-041C,17.0,,1599.0,42.0,24 Oct 2018,
360,,Seasat 1,29 Aug 2003,Anomalous,1978-064A,16.0,,,,04 Dec 2017,
361,,"Delta IV DCSS 4 (Delta 4M+(4,2))",01 Dec 2002,Anomalous,2002-051B,8.0,,,,04 Dec 2017,
362,,H10+ (Ariane 44LP H10+),01 Apr 1999,Unconfirmed,1992-060C,4.0,3.0,,,04 Dec 2017,
363,,Snapshot (NPP) + Atlas SLV-3 Agena D stage 2 fragmentation debris,15 Dec 1980,Anomalous,1965-027A,157.0,157.0,,,04 Dec 2017,
364,,Seasat 1,26 Jul 1983,Anomalous,1978-064A,16.0,,,,04 Dec 2017,
365,,H10 (Ariane 3),18 Sep 1984,Propulsion,1984-081C,3.0,2.0,188.0,5.0,24 Oct 2018,
366,,Molniya 3-44,25 Jan 2004,Aerodynamics,1993-025A,1.0,,,,04 Dec 2017,
367,,L-14B-res (YF40B-res) (Long March (CZ) 4C),13 May 2012,Unknown,2010-009D,3.0,3.0,,,04 Dec 2017,
368,,Cosmos-1348,17 Apr 2008,Accidental,1982-029A,10.0,9.0,14301.0,370.0,24 Oct 2018,
369,,Zenit-2 second stage fragmentation debris,26 Dec 1992,Propulsion,1992-093B,278.0,196.0,,,04 Dec 2017,
370,,DMSP 5D-3 F-16 (USA 172),17 Feb 2005,Electrical,2003-048A,5.0,,582.0,15.0,24 Oct 2018,
371,,Delta III second stage (Delta 8930),05 May 1999,Propulsion,1999-024B,1.0,,188.0,5.0,24 Oct 2018,
372,,H10 (Ariane 2),29 Jan 1996,Propulsion,1989-027B,4.0,2.0,282.0,8.0,24 Oct 2018,
373,,L-14B (YF40B) (Long March (CZ) 4B),27 Sep 2004,Unknown,2002-049B,4.0,,,,04 Dec 2017,
374,,Transit 15 (NNS O-12),28 Sep 1992,Anomalous,1967-034A,7.0,4.0,,,04 Dec 2017,
375,,NOAA 10,24 Sep 1986,Electrical,1986-073A,6.0,1.0,679.0,18.0,24 Aug 2020,
376,,Altair 3 (Scout G-1),13 Oct 1987,Anomalous,1987-080C,10.0,9.0,,,04 Dec 2017,
377,,OSCAR 30,15 Nov 1986,Anomalous,1985-066A,2.0,1.0,,,04 Dec 2017,
378,,Zenit-2 second stage,15 Jun 1998,Anomalous,1994-077B,1.0,,,,04 Dec 2017,
379,,Blok-ML (Molniya-M Blok-ML),26 Sep 2006,Aerodynamics,1992-011D,1.0,,,,04 Dec 2017,
380,,Zenit-2 second stage fragmentation debris,30 Dec 1992,Propulsion,1992-093B,278.0,196.0,,,04 Dec 2017,
381,,Snapshot (NPP) + Atlas SLV-3 Agena D stage 2 fragmentation debris,15 Jan 1985,Anomalous,1965-027A,157.0,157.0,,,04 Dec 2017,
382,,H-18 (Long March (CZ) 3B/E),12 Aug 2012,Propulsion,2010-042B,29.0,29.0,2728.0,71.0,24 Oct 2018,
383,,H10 (Ariane 3),29 Jul 1989,Propulsion,1989-053B,1.0,1.0,188.0,5.0,24 Oct 2018,
384,,Kyokko,01 Jan 1988,Anomalous,1978-014A,6.0,4.0,,,04 Dec 2017,
385,,OPS 0856 (RTS-1 2),01 Nov 1995,Anomalous,1966-077A,25.0,25.0,,,04 Dec 2017,
386,,Fregat-SB (Zenit-3F),12 Dec 2015,Anomalous,2015-074B,3.0,,,,04 Dec 2017,
387,,L-14B-res (YF40B-res) (Long March (CZ) 4C),10 Jul 2012,Unknown,2012-029B,4.0,4.0,,,04 Dec 2017,
388,,H8 (Ariane 1),27 Feb 1984,Propulsion,1983-105B,1.0,,,,04 Dec 2017,
389,,Meteor 2-5,04 Feb 2005,Anomalous,1979-095A,84.0,60.0,,,04 Dec 2017,
390,,Cosmos-2372,21 Apr 2001,Unconfirmed,2000-056A,1.0,,,,04 Dec 2017,
391,,Zenit-2 second stage,28 Mar 1993,Propulsion,1993-016B,80.0,76.0,9260.0,240.0,24 Oct 2018,
392,,Seasat 1,25 Sep 2003,Anomalous,1978-064A,16.0,,,,04 Dec 2017,
393,,H10 (Ariane 3),04 Sep 2000,Propulsion,1988-081C,11.0,9.0,1035.0,27.0,24 Oct 2018,
394,,Meteor 3-1,24 Apr 2006,Anomalous,1985-100A,2.0,2.0,,,04 Dec 2017,
395,,Seasat 1,12 Oct 2001,Anomalous,1978-064A,16.0,,,,04 Dec 2017,
396,,L-14B (YF40B) (Long March (CZ) 4B),24 Apr 2007,Unknown,2003-049C,7.0,7.0,,,04 Dec 2017,
397,,H10 (Ariane 44LP H10),21 Mar 1998,Propulsion,1989-062C,11.0,8.0,1035.0,27.0,24 Oct 2018,
398,,Altair 2 (Scout X-4),21 Mar 2003,Anomalous,1965-101B,2.0,,,,04 Dec 2017,
399,,Seasat 1,14 Mar 1988,Anomalous,1978-064A,16.0,,,,04 Dec 2017,
400,,Briz-KM (Rokot-KM),26 Jul 2016,Propulsion,2015-020E,6.0,6.0,855.0,23.0,24 Oct 2018,
401,,Cosmos-2238,01 Dec 1994,Unknown,1993-018A,,,,,04 Dec 2017,
402,,Meteor 2-6,24 Mar 2006,Anomalous,1980-073A,13.0,13.0,,,04 Dec 2017,
403,,Transit 5C,15 Jul 1982,Anomalous,1964-026A,4.0,,,,04 Dec 2017,
404,,Seasat 1,21 May 1994,Anomalous,1978-064A,16.0,,,,04 Dec 2017,
405,,FW-4D (Delta E),13 May 2006,Propulsion,1968-002B,10.0,10.0,1358.0,35.0,24 Oct 2018,
406,,L-14B (YF40B) (Long March (CZ) 4B),09 Sep 2004,Unknown,2004-035C,7.0,3.0,,,04 Dec 2017,
407,,Transit 5B-6 (NNS 30040 - OPS 8480),15 Aug 1980,Anomalous,1965-048A,12.0,,,,04 Dec 2017,
408,,RCA Satcom III,29 Mar 2006,Unconfirmed,1979-101A,20.0,20.0,,,04 Dec 2017,
409,,Transit 5B-6 (NNS 30040 - OPS 8480),17 Aug 1980,Anomalous,1965-048A,9.0,,,,04 Dec 2017,
410,,Delta II second stage (Delta 7920),30 Jan 1996,Anomalous,1995-059B,2.0,,,,04 Dec 2017,
411,,Snapshot (NPP) + Atlas SLV-3 Agena D stage 2 fragmentation debris,15 Nov 1983,Anomalous,1965-027A,157.0,157.0,,,04 Dec 2017,
412,,Cosmos-2243,27 Apr 1993,Deliberate,1993-028A,,,,,04 Dec 2017,
413,,Transit 5C,31 May 1994,Anomalous,1964-026A,4.0,,,,04 Dec 2017,
414,,FW-4D (Delta E),08 Jan 2009,Unconfirmed,1971-024B,5.0,,,,04 Dec 2017,
415,,Seasat 1,09 May 2007,Anomalous,1978-064A,16.0,,,,04 Dec 2017,
416,,Start 1 (EKA 1),04 Mar 1998,Anomalous,1993-014A,2.0,1.0,,,04 Dec 2017,
417,,Start-4 (Start 1 SL-18),30 Nov 2002,Anomalous,1993-014B,55.0,20.0,,,04 Dec 2017,
418,,NOAA 6,15 Jun 1995,Electrical,1979-057A,5.0,1.0,556.0,15.0,24 Oct 2018,
419,,Cosmos-1966,02 Nov 2005,Aerodynamics,1988-076A,1.0,,,,04 Dec 2017,
420,,Meteor 2-10,23 Jun 2012,Anomalous,1983-109A,3.0,3.0,,,04 Dec 2017,
421,,Transit 10 (NNS O-6),30 Nov 1996,Anomalous,1965-109A,2.0,,,,04 Dec 2017,
422,,Transit 5C,15 Dec 1980,Anomalous,1964-026A,4.0,,,,04 Dec 2017,
423,,Delta 180 Sensor Module/USA 19 (Payload Adapter System PAS),05 Sep 1986,Deliberate,1986-069B/1986-069A,16.0,,843.0,17.0,24 Oct 2018,
424,,Able-Star (Thor-Ablestar),29 Jun 1961,Propulsion,1961-015C,295.0,171.0,35299.0,909.0,24 Oct 2018,
425,,L-14B (YF40B) (Long March (CZ) 4B),13 May 2012,Unknown,2012-001C,4.0,1.0,,,04 Dec 2017,
426,,Tsyklon-3-3 (Tsyklon SL-14 (F-2)),16 Oct 1989,Unknown,1989-080C,7.0,3.0,659.0,17.0,24 Oct 2018,
427,,L-14B (YF40B) (Long March (CZ) 4B),09 May 2012,Unknown,2011-066C,3.0,1.0,,,04 Dec 2017,
428,,L-14B (YF40B) (Long March (CZ) 4B),17 Jan 2008,Unknown,2007-042B,5.0,5.0,,,04 Dec 2017,
429,,Ikonos,19 Mar 2001,Anomalous,1999-051A,1.0,,,,04 Dec 2017,
430,,Meteor-3M No. 1,11 Dec 2001,Unconfirmed,2001-056A,6.0,,,,04 Dec 2017,
431,,ISIS 2,20 Jan 2003,Unconfirmed,1971-024A,1.0,,,,04 Dec 2017,
432,,IRAS 1,14 Jun 2009,Unconfirmed,1983-004A,3.0,,,,04 Dec 2017,
433,,Cosmos-1024,10 Oct 2001,Accidental,1978-066A,4.0,4.0,3089.0,165.0,24 Oct 2018,
434,,Greb 6,15 Nov 1980,Anomalous,1965-016A,1.0,1.0,,,04 Dec 2017,
435,,Sputnik 22,29 Oct 1962,Propulsion,1962-057A,23.0,,2164.0,57.0,24 Oct 2018,
436,,Meteor 2-11,23 Nov 2014,Anomalous,1984-072A,10.0,10.0,,,04 Dec 2017,
437,,Proton-K/DM-2 ullage motor (SOZ),26 Jul 1989,Propulsion,1983-127G,7.0,2.0,,,04 Dec 2017,
438,,H-II LE-5B (H-IIA 202),27 May 2014,Unknown,2014-029F,1.0,,,,04 Dec 2017,
439,,FW-4D (Delta E),12 Feb 1967,Unconfirmed,1965-089B,7.0,,,,04 Dec 2017,
440,,Vostok 8A92M-2 (Vostok SL-3 (A-1)),15 Sep 1989,Anomalous,1972-049B,1.0,1.0,,,04 Dec 2017,
441,,Falcon 9 Merlin-V (1D) (Falcon 9 v1.1),29 Sep 2013,Unknown,2013-055G,15.0,,1411.0,37.0,24 Oct 2018,
442,,Ariane 3 debris,30 Nov 1986,Propulsion,1986-026E,5.0,4.0,,,04 Dec 2017,
443,,Fengyun 1C debris,06 Oct 2016,Unknown,1999-025KF,12.0,12.0,,,04 Dec 2017,
444,,AMC 9 (GE 12),17 Jun 2017,Unknown,2003-024A,4.0,,,,04 Dec 2017,
445,,Proton-M/DM-2 ullage motor (SOZ),03 Sep 2017,Propulsion,2010-041G,9.0,9.0,973.0,26.0,24 Oct 2018,
446,,CENTAUR C (Atlas LV3C),27 Nov 1963,Propulsion,1963-047A,17.0,7.0,1599.0,42.0,24 Oct 2018,
447,,Delta E (Delta N),15 Nov 1973,Propulsion,1968-114B,19.0,17.0,2972.0,77.0,24 Oct 2018,
448,,Telkom 1,25 Aug 2017,Propulsion,1999-042A,,,,,24 Oct 2018,
449,,Vostok 8A92M-2 (Vostok SL-3 (A-1)),13 Feb 1998,Aerodynamics,1964-006D,,,,,04 Dec 2017,
450,,Cosmos-50,05 Nov 1964,Deliberate,1964-070A,93.0,,3028.0,227.0,24 Oct 2018,
451,,Cosmos-57,22 Feb 1965,Deliberate,1965-012A,166.0,,19955.0,391.0,24 Oct 2018,
452,,Titan 34D third stage (Transtage D-3) (Titan 34D Transtage),02 Sep 1988,Propulsion,1988-077C,,,,,24 Oct 2018,
453,,Cosmos 3 second stage (S3) (Cosmos 1 (65S3)),15 Mar 1965,Unknown,1965-020D,146.0,18.0,13729.0,355.0,24 Oct 2018,
454,,NOAA 7,26 Jul 1993,Electrical,1981-059A,8.0,3.0,923.0,24.0,24 Oct 2018,
455,,AMC 9 (GE 12),01 Jul 2017,Unknown,2003-024A,13.0,,,,24 Oct 2018,
456,,IRT,05 Feb 1984,Accidental,1984-011C,2.0,,188.0,5.0,24 Oct 2018,
457,,Cosmos-1365 (NPP),27 Sep 1982,Deliberate,1982-043A,,,,,24 Oct 2018,
458,,Cosmos-1932 (NPP),20 May 1988,Deliberate,1988-019A,2.0,2.0,188.0,5.0,24 Oct 2018,
459,,Cosmos-1670 (NPP),22 Oct 1985,Deliberate,1985-064A,,,,,24 Oct 2018,
460,,Cosmos-1299 (NPP),05 Sep 1981,Deliberate,1981-081A,,,,,24 Oct 2018,
461,,Cosmos-1771 (NPP),15 Oct 1986,Deliberate,1986-062A,,,,,24 Oct 2018,
462,,Cosmos-1860 (NPP),28 Jul 1987,Deliberate,1987-052A,,,,,24 Oct 2018,
463,,Cosmos-1579 (NPP),27 Sep 1984,Deliberate,1984-069A,31.0,31.0,2916.0,76.0,24 Oct 2018,
464,,"OV2 1, LCS 2 main fragment",15 Oct 1965,Propulsion,1965-082C,474.0,33.0,,,04 Dec 2017,
465,,Cosmos-1607 (NPP),01 Feb 1985,Deliberate,1984-112A,,,,,24 Oct 2018,
466,,Cosmos-1677 (NPP),23 Oct 1985,Deliberate,1985-075A,,,,,24 Oct 2018,
467,,Cosmos-1736 (NPP),21 Jun 1986,Deliberate,1986-024A,25.0,,2352.0,62.0,24 Oct 2018,
468,,Cosmos-1176 (NPP),10 Sep 1980,Deliberate,1980-034A,2.0,2.0,188.0,5.0,24 Oct 2018,
469,,Cosmos-1249 (NPP),19 Jun 1981,Deliberate,1981-021A,17.0,17.0,1599.0,42.0,24 Oct 2018,
470,,Cosmos-1900 (NPP),30 Sep 1988,Deliberate,1987-101A,3.0,3.0,282.0,8.0,24 Oct 2018,
471,,Cosmos-1412 (NPP),10 Nov 1982,Deliberate,1982-099A,1.0,1.0,188.0,5.0,24 Oct 2018,
472,,Cosmos-1266 (NPP),29 Apr 1981,Deliberate,1981-037A,1.0,1.0,188.0,5.0,24 Oct 2018,
473,,Cosmos-1372 (NPP),11 Aug 1982,Deliberate,1982-052A,,,,,24 Oct 2018,
474,,Transtage 17 (Titan IIIC),28 Feb 2018,Propulsion,1969-013B,100.0,18.0,28586.0,736.0,24 Oct 2018,
475,,Cosmos-95,15 Jan 1966,Unknown,1965-088A,,,,,04 Dec 2017,
476,,OPS 3031 (Bluebell 2S),15 Feb 1966,Unknown,1966-012C,37.0,,3161.0,91.0,24 Oct 2018,
477,,Cosmos-1813,29 Jan 1987,Deliberate,1987-004A,194.0,,18237.0,470.0,24 Oct 2018,
478,,ATLAS MA-5 (Atlas SLV3),15 Jun 1966,Unknown,1966-046B,50.0,,3130.0,123.0,24 Oct 2018,
479,,PAGEOS 1,12 Jul 1975,Unknown,1966-056A,80.0,3.0,511.0,1604.0,24 Oct 2018,
480,,Fregat operational debris (SBB),12 Feb 2018,Propulsion,2017-086C,90.0,,,,24 Oct 2018,
481,,PAGEOS 1,20 Jan 1976,Unknown,1966-056A,80.0,3.0,511.0,1604.0,24 Oct 2018,
482,,Saturn IVB (S-IB) (Saturn IB),05 Jul 1966,Deliberate,1966-059A,33.0,,3171.0,79.0,24 Oct 2018,
483,,Cosmos U-1 (OGCh),17 Sep 1966,Deliberate,1966-088A,49.0,,3134.0,116.0,24 Oct 2018,
484,,Proton-M/DM-2 ullage motor (SOZ),22 May 2018,Propulsion,2010-007H,60.0,,,,24 Oct 2018,
485,,L-14B-res (YF40B-res) (Long March (CZ) 4C),17 Aug 2018,Propulsion,2013-065B,6.0,4.0,,,24 Oct 2018,
486,,Centaur-5 SEC (Atlas V 401),30 Aug 2018,Propulsion,2014-055B,612.0,612.0,486033.0,12515.0,18 Nov 2020,
487,,R-36-O-2 (Tsyklon SL-10 (F-1r)),02 Nov 1966,Deliberate,1966-101A,,,,,04 Dec 2017,
488,,Centaur-5 SEC (Atlas V 401),25 Mar 2019,Propulsion,2009-047B,60.0,,95361.0,2454.0,01 Apr 2019,
489,,Centaur-5 SEC (Atlas V 551),06 Apr 2019,Propulsion,2018-079B,1100.0,1100.0,873376.0,22486.0,18 Nov 2020,
490,,H-II LE-5B (H-IIA 202),06 Feb 2019,Propulsion,2018-084L,75.0,58.0,3160.0,92.0,18 Nov 2020,
491,,Cosmos-199 equipment bay (Priborniy otsek),24 Jan 1968,Deliberate,1968-003A,,,,,04 Dec 2017,
492,,Saturn IVB (S-V) (Saturn V),13 Apr 1968,Propulsion,1968-025B,15.0,,1411.0,37.0,24 Oct 2018,
493,,Transtage 5 (Titan IIIC),21 Feb 1992,Propulsion,1968-081E,29.0,28.0,46104.0,1187.0,24 Oct 2018,
494,,WorldView-2,18 Jul 2016,Anomalous,2009-055A,9.0,9.0,,,04 Dec 2017,
495,,Cosmos-1823,17 Dec 1987,Electrical,1987-020A,151.0,78.0,28524.0,735.0,24 Oct 2018,
496,,Cosmos-248,01 Nov 1968,Deliberate,1968-090A,4.0,,481.0,10.0,24 Oct 2018,
497,,Tsyklon-3-3 (Tsyklon SL-14 (F-2)),12 Feb 2020,Propulsion,1991-056B,96.0,94.0,3076.0,178.0,18 Nov 2020,
498,,Cosmos-249,20 Oct 1968,Deliberate,1968-091A,107.0,38.0,13671.0,268.0,24 Oct 2018,
499,,Cosmos-252,01 Nov 1968,Deliberate,1968-097A,138.0,39.0,17957.0,352.0,24 Oct 2018,
500,,Vostok 8A92M-2 (Vostok SL-3 (A-1)),28 Mar 1969,Unknown,1969-029B,36.0,,3163.0,89.0,24 Oct 2018,
501,,Delta M fragmentation debris,26 Jul 1969,Propulsion,1969-064B,21.0,,,,04 Dec 2017,
502,,Fregat operational debris (SBB),08 May 2020,Propulsion,2011-037B,285.0,284.0,13400.0,347.0,16 Oct 2020,
503,,H-IIA 202 lower payload fairing half (4/4D-LC),12 Jul 2020,Unknown,2018-084C,53.0,,2493.0,65.0,16 Oct 2020,
504,,Resurs-O1 N3,27 Aug 2020,Unknown,1994-074A,45.0,19.0,722.0,19.0,16 Oct 2020,
505,,Agena D (Thorad-Agena D),04 Oct 1969,Unknown,1969-082AB,259.0,62.0,31757.0,818.0,24 Oct 2018,
506,,Agena D (Thorad-Agena D),17 Oct 1970,Unknown,1970-025C,375.0,234.0,50379.0,1298.0,24 Oct 2018,
507,,Cosmos-374,23 Oct 1970,Deliberate,1970-089A,99.0,20.0,11906.0,234.0,24 Oct 2018,
508,,Cosmos-375,30 Oct 1970,Deliberate,1970-091A,46.0,14.0,3141.0,109.0,24 Oct 2018,
509,,Cosmos-397,25 Feb 1971,Deliberate,1971-015A,115.0,43.0,13829.0,271.0,24 Oct 2018,
510,,Cosmos-1866,26 Jul 1987,Deliberate,1987-059A,8.0,,753.0,20.0,24 Oct 2018,
511,,Cosmos-462,03 Dec 1971,Deliberate,1971-106A,26.0,,3128.0,63.0,24 Oct 2018,
512,,DSV-3H-4 (Delta 900),22 May 1975,Propulsion,1972-058B,243.0,46.0,23219.0,598.0,24 Oct 2018,
513,,Proton-K 8S812,03 Apr 1973,Propulsion,1973-017B,24.0,,2258.0,59.0,24 Oct 2018,
514,,Cosmos-554,06 May 1973,Deliberate,1973-021A,192.0,,18050.0,464.0,24 Oct 2018,
515,,DSV-3H-4 (Delta 300),28 Dec 1973,Propulsion,1973-086B,219.0,197.0,42489.0,1094.0,24 Oct 2018,
516,,DELTA P (Delta 2310),20 Aug 1975,Propulsion,1974-089D,184.0,159.0,33447.0,862.0,24 Oct 2018,
517,,Cosmos-699,17 Apr 1975,Unknown,1974-103A,49.0,,3133.0,119.0,24 Oct 2018,
518,,Cosmos-699,02 Aug 1975,Unknown,1974-103A,49.0,,3133.0,119.0,24 Oct 2018,
519,,DELTA P (Delta 2910),09 Feb 1976,Propulsion,1975-004B,206.0,31.0,21967.0,566.0,24 Oct 2018,
520,,DELTA P (Delta 2910),19 Jun 1976,Propulsion,1975-004B,206.0,31.0,21967.0,566.0,24 Oct 2018,
521,,Cosmos-1869,27 Nov 1997,Unknown,1987-062A,,,,,04 Dec 2017,
522,,DELTA P (Delta 2910),01 May 1991,Propulsion,1975-052B,273.0,197.0,37217.0,960.0,24 Oct 2018,
523,,Cosmos-758,06 Sep 1975,Deliberate,1975-080A,75.0,,3071.0,183.0,24 Oct 2018,
524,,Cosmos-777,25 Jan 1976,Unknown,1975-102A,61.0,,3104.0,149.0,24 Oct 2018,
525,,Cosmos-838,17 May 1977,Unknown,1976-063A,39.0,,3156.0,96.0,24 Oct 2018,
526,,Cosmos-839,29 Sep 1977,Electrical,1976-067A,69.0,67.0,3037.0,218.0,24 Oct 2018,
527,,Cosmos-844,25 Jul 1976,Deliberate,1976-072A,247.0,,23215.0,598.0,24 Oct 2018,
528,,DELTA P (Delta 2310),24 Dec 1977,Propulsion,1976-077B,183.0,173.0,35619.0,919.0,24 Oct 2018,
529,,Cosmos-862,15 Mar 1977,Accidental,1976-105A,12.0,4.0,1309.0,34.0,24 Oct 2018,
530,,Cosmos-880,27 Nov 1978,Electrical,1976-120A,48.0,,3135.0,117.0,24 Oct 2018,
531,,Cosmos-884,29 Dec 1976,Deliberate,1976-123A,,,,,04 Dec 2017,
